sep=,
AHP priorities,"2024.07.17 20:35:55"
3
"Protection Coverage","Resolution of Incidents on Time","Resolution of Incidents"
1.000000,4.000000,6.000000
0.250000,1.000000,3.000000
0.166667,0.333333,1.000000
0.690951,0.217648,0.091401
3.053643,0.055971
